KEGG_id,description,gene_ratio,bg_ratio,p_value,p_adjust,q_value,gene_ids,count
hsa05022,Pathways of neurodegeneration - multiple diseases,183/2642,476/8444,0.000384254481263,0.0020700160764818,0.0012721498106333,572/5689/355/5606/1767/9627/55062/5743/369/5289/7481/2521/5714/513/8312/10671/4741/2906/5602/1432/10120/10213/374291/1768/56171/83544/3709/10133/10376/5335/6310/5582/7979/3092/468/5682/11047/4294/1742/842/324/5879/7280/347733/10121/4716/351/7483/805/6622/817/774/7316/3708/2890/8324/65018/808/125965/4218/7846/84790/1499/11273/163688/598/9451/5970/126328/627/8408/8325/4729/9377/2535/146754/5413/5071/56901/10383/6261/3064/6262/10381/102800317/4710/489/2932/50507/3710/5594/7494/5332/84557/8701/1855/5717/4790/4728/10297/6390/317/27019/2892/1340/7277/10452/84701/51164/5695/5861/818/5578/7345/89780/8321/776/4731/5701/824/4724/836/1020/1536/5579/10476/2915/7314/23236/2903/51807/30849/801/6263/6311/5534/1770/9821/578/5685/3309/5601/7132/815/7479/5609/7419/1457/80208/5532/5715/1347/7474/25981/7475/9167/9927/4709/60673/7471/3831/7186/10975/5894/5630/7222/5530/5686/203228/7476/27123/673/1857/10023/8313/2861/54205/6712/9973/5708/23401/127602/1454,183
hsa04151,PI3K-Akt signaling pathway,148/2642,354/8444,1.29127954472945e-05,0.0001540312028355,9.46614703843015e-05,572/672/3371/1975/4804/5586/2261/5526/10681/5523/5527/3320/23239/3326/1943/10110/284217/2254/2997/5518/3718/5296/1021/6009/595/2251/7422/2690/5618/1386/7143/8503/6446/2309/894/1026/468/3911/842/10971/5156/1019/5879/7057/22801/3685/2252/3480/92579/1291/4170/1944/3680/9180/9586/9223/10018/8817/2785/4846/7248/54541/7532/3643/598/5293/5617/2783/5970/2787/55844/627/930/2885/1436/1946/2248/2057/5649/3908/3914/5154/3675/3479/5525/3566/2260/1286/2932/5594/5155/2321/5934/208/2253/1277/4790/1385/5585/3164/1017/2792/3791/7533/5170/23533/2064/1969/1956/3688/1977/5578/2264/9965/7184/3481/94235/253314/2788/2066/9863/5291/3918/9170/2263/3693/3912/3655/1299/3551/1311/3696/10488/1297/2246/6794/5105/2069/5894/7099/5529/284/90993/2786/7059/54331/1288/4914,148
hsa04010,MAPK signaling pathway,146/2642,302/8444,2.2609212965836802e-10,2.51715904352983e-08,1.54694615029409e-08,4293/5536/8491/355/5606/4804/2261/9175/4791/369/2122/51701/1943/4616/2872/8911/2254/5971/3315/1845/5602/9693/2251/1432/7422/5924/1386/5906/9048/1843/1846/9479/6237/5582/468/10912/3727/4294/5156/51347/5879/5495/2252/3480/59283/11221/1944/2768/774/5058/9344/8817/2005/57551/1849/5881/2353/3643/4902/5970/4296/627/6197/3725/2885/1436/1946/2248/8912/4763/2316/5154/777/8913/3479/10235/9448/6196/2260/4214/1399/5594/5155/5494/9252/994/2321/208/59284/2253/4790/6722/7867/5321/3164/3306/3791/408/5607/1847/2064/1969/1956/781/5578/776/22808/2264/9965/836/5579/3481/784/2066/3556/5534/5601/6416/2263/7132/998/27330/4775/5609/3551/5532/2246/2069/2002/7186/2318/4772/5894/6885/2317/5530/409/84451/284/55799/673/783/1398/10746/7189/4914,146
hsa05010,Alzheimer disease,143/2642,384/8444,0.0064266487767306,0.0198876733353848,0.0122221755449103,572/5689/355/55062/5743/369/5289/7481/5714/513/8312/23516/2906/5296/5602/2597/10213/374291/57142/8503/3709/4035/10376/7979/468/5682/11047/842/201266/324/7280/347733/4716/351/27173/7483/805/6622/3708/8324/808/125965/7846/84790/1499/163688/3643/5293/9451/5970/126328/4023/8408/8325/4729/9377/2535/56901/8660/10383/10381/102800317/4710/489/2932/50507/3710/5594/7494/5332/208/1855/5717/4790/4728/10297/6390/317/1340/7277/84701/8471/10313/5695/102/64116/89780/8321/776/4731/5701/824/4724/836/1020/1536/91252/10476/2915/23236/2903/51807/30849/4311/57181/801/6263/5534/9821/5685/5601/5291/7132/7479/5609/7419/1457/3551/5532/5715/1347/7474/7475/9167/4709/60673/7471/3831/7186/10975/5894/5530/5686/7476/27123/673/1857/10023/8313/54205/5708/23401/1454,143
hsa05165,Human papillomavirus infection,132/2642,331/8444,0.0004541338050304,0.0023700107950027,0.0014565146707391,572/355/9519/3371/5315/5590/5526/3993/5523/5743/4854/1739/5527/7481/2778/284217/8312/7297/5518/5296/1021/6009/595/7422/3280/7143/8503/894/84612/1026/3911/10207/324/1019/7057/22801/3685/1291/7483/3680/9586/56288/6934/472/1740/9223/83439/528/8324/7248/1499/3516/5734/5293/5970/55844/8325/2885/84667/2535/57801/5649/3908/3914/9641/3675/535/5525/1286/1741/2932/5594/1869/5934/208/1855/1277/9368/4790/7337/523/10297/1385/1017/92359/1956/4851/3688/2308/89780/8321/5584/836/545/9636/578/51606/5291/3918/7132/998/7479/6932/3693/5829/3912/3655/1299/182/3551/1311/3696/10488/1297/7474/7475/7471/3659/5894/5925/245973/55502/5529/7476/90993/1857/7015/8313/7059/84441/1288/90423,132
hsa04015,Rap1 signaling pathway,113/2642,210/8444,6.284218526556939e-12,2.09892898787002e-09,1.28991853966169e-09,5898/9855/5606/999/4804/5590/2261/5217/60/5909/2778/1943/2254/5296/23094/9693/2251/1432/7422/2771/5906/8503/1268/84612/5335/7408/6237/5582/4301/10451/5156/5879/7057/2252/3480/1944/805/56288/9223/7074/8817/51735/808/1499/10636/5881/163688/3684/3643/5293/1436/71/1946/2248/51466/5154/3479/10235/2260/260425/11069/1399/5594/5155/5332/2321/208/2253/57568/2770/3791/9732/1969/5899/1956/3688/5578/114/22808/5900/7410/2264/115/9965/5584/5579/5028/136/111/23236/2903/9863/801/9564/5291/9170/2263/387/998/2533/2775/2246/3397/5894/109/1813/284/55740/673/1398/83660/5587/26037,113
hsa04810,Regulation of actin cytoskeleton,111/2642,229/8444,2.84819239375747e-08,1.18912032439374e-06,7.30786206293035e-07,7414/2261/5217/60/9138/4660/369/3682/6548/7430/4627/2254/5296/3984/2251/8936/8503/7852/54776/6237/89846/10298/4628/10451/5156/324/50649/5879/22801/3685/2252/3680/340156/2768/2934/5058/7074/8817/10163/2909/5881/3684/5293/10458/29895/71/5501/2248/23365/5154/7114/5500/3675/729/4659/10787/4638/6093/2260/1399/5594/5155/208/8976/727/2253/28964/10096/10297/10672/1729/56924/106821730/10152/10788/1956/3688/22808/7410/2264/9965/10092/5499/1132/221178/9564/5291/9170/2263/387/998/87/3693/5829/3655/10627/2245/3696/6387/2246/200576/5894/10097/8826/85464/4478/1730/55740/673/1398/3985,111
hsa05205,Proteoglycans in cancer,109/2642,205/8444,3.9777571397681695e-11,6.64285442341284e-09,4.0824349592357506e-09,5329/355/960/1975/2817/60/9138/4660/369/7481/6548/2099/7430/5296/1655/595/867/1432/7422/1839/8503/3709/5335/1026/54776/6237/5582/10451/5879/7057/3685/3480/3339/7483/817/2719/5058/3708/288/8324/7074/1499/6774/5293/60495/4087/8325/2885/5781/2535/71/5727/5501/23365/2316/5500/406991/3479/4659/6093/2260/7023/3710/5594/208/1277/6385/3791/967/5170/2064/1956/818/3688/27250/5578/89780/8321/22808/7410/836/5579/3481/5499/2066/5291/387/815/998/7479/3693/5829/7078/3091/4318/857/7474/7475/7471/2002/2318/6608/5894/2317/7099/8826/4478/7476/673,109
hsa04014,Ras signaling pathway,107/2642,236/8444,3.10026643181249e-06,4.50212603576248e-05,2.76682816569078e-05,572/5898/4804/2261/10681/1943/2254/64926/5296/5602/2251/8437/7422/5924/5906/8503/5335/6237/5582/4301/10298/5156/2113/5879/2252/3480/8844/1944/805/5058/7074/8817/2114/808/6464/2785/5881/163688/10156/100271927/3643/598/5293/2783/5970/2787/627/2885/5781/1436/1946/8398/2248/5320/4763/5154/3479/10235/2260/5594/5155/2321/208/2253/8036/4790/5869/5321/2792/3791/25759/56924/106821730/1969/27/5899/1956/5578/22808/5900/2264/9965/5579/3481/94235/253959/2788/2903/57186/801/9846/5601/5291/2263/387/998/3551/2246/81579/2002/5894/284/2786/283455/11145/54331/4914,107
hsa04024,cAMP signaling pathway,103/2642,225/8444,2.77019334810138e-06,4.40592656317076e-05,2.70770778385849e-05,1080/572/2696/5733/493/5141/490/2778/6548/2906/5296/5143/5602/2735/10846/5144/2771/5906/8503/2693/1908/10257/6237/482/7137/4301/2488/10451/3351/5879/10021/805/817/9586/5058/814/2890/7074/808/476/5881/163688/2353/5293/5970/627/3725/5727/5501/6262/5500/5348/477/4659/6093/483/489/1906/11069/5594/208/7434/2737/4790/1385/4852/6662/2892/2770/7252/9568/818/114/776/7410/115/3360/2492/5499/111/2903/5142/801/153/5601/5291/387/815/3776/10488/1907/4772/5894/109/1392/1813/6750/90993/673/134/5139/5465/5350,103
hsa05131,Shigellosis,103/2642,247/8444,0.0002941475593427,0.0016651743189913,0.0010233501172496,9265/960/7414/5217/55062/60/5289/9978/9266/5296/2931/5602/1432/8936/8503/2309/989/11335/3709/5335/3021/5879/54874/472/7316/3708/9844/10163/3020/598/5293/5970/664/3725/29895/71/5333/389898/9474/6093/23291/2932/3710/1399/5594/9252/5332/84557/208/8976/9267/4790/10096/64121/1729/7322/1956/3688/2308/10092/824/7314/11146/81858/23236/653604/10801/30849/8356/5601/9564/5291/5588/7132/387/998/87/10325/5829/10627/29108/3551/7323/826/7186/6885/7099/10097/55752/89869/9140/831/3098/3099/199746/8945/1398/5581/83660/54205/10892/7189/8353,103
hsa04510,Focal adhesion,101/2642,203/8444,2.24876313145118e-08,1.12087106433868e-06,6.88842916943091e-07,572/7414/3371/60/4660/284217/5296/5602/595/7422/7143/5906/8503/894/54776/7408/5582/10298/3911/10451/5156/5879/7057/22801/3685/3480/1291/3680/340156/5058/2909/6464/1499/5881/5293/3725/2885/29895/71/5501/5649/3908/3914/2316/5154/5500/3675/3479/4659/4638/6093/1286/2932/1399/5594/5155/394/2321/208/1277/3791/25759/1729/56924/106821730/64098/5170/2064/1956/3688/5578/7410/824/5579/5499/5601/9564/5291/3918/387/998/87/3693/5829/3912/3655/1299/10627/1311/3696/857/1297/2002/2318/5894/2317/673/1398/7059/83660/1288,101
hsa05132,Salmonella infection,100/2642,249/8444,0.0016345521618013,0.0064228284946078,0.0039472157467649,5898/27072/9265/5606/5217/60/5289/1785/3320/5788/8655/3326/3839/10671/8677/9266/5602/2597/1432/10120/8743/10376/79026/6237/60412/29109/5879/7280/347733/10121/51176/65082/388/6934/5058/83439/9844/7846/84790/1499/197259/2353/5293/5970/3725/29895/71/10383/2316/10381/10787/5594/208/8976/9267/4790/5869/10096/8795/5585/7277/51164/10810/10006/6993/1780/10092/836/7184/83657/51807/79659/1778/6281/578/5601/5291/6416/7132/387/998/5609/6932/10627/29108/3551/9367/3831/7186/2318/51429/5894/6885/2317/7099/10097/399/54205/7189/23265,100
hsa04144,Endocytosis,99/2642,251/8444,0.0033257684142278,0.012073985329914,0.0074201926862062,9265/116984/5662/5590/2261/55737/7037/832/1785/10890/2060/51510/27131/8766/9266/1759/64750/10938/867/23527/868/10254/51652/9829/7852/9559/84612/3949/84440/377/5156/26056/3480/1213/93343/6455/56904/56288/118813/23362/80223/116987/138429/4218/10015/4087/9230/116985/160/2870/26286/1175/8218/51324/8976/28964/9267/5869/10096/644150/11059/3306/58513/116988/116986/408/9101/6457/9922/84249/1956/50807/2264/1173/10092/5584/147179/93661/2869/9135/23327/2263/387/4734/998/7251/64744/857/51019/27183/8027/10097/409/8853/156/7189/155382/830/57132,99
hsa04020,Calcium signaling pathway,98/2642,253/8444,0.006430744671322,0.0198876733353848,0.0122221755449103,5733/493/2261/490/2778/2767/8911/6547/4773/2254/2906/57620/2251/7422/6869/6543/148/7852/3709/5335/5582/3270/5156/2252/4916/805/817/340156/774/3708/814/8817/808/4846/163688/10345/2248/5333/6261/8912/5154/777/6262/8913/5256/56848/4638/489/2260/80271/3710/5155/5332/2321/5257/2253/5136/3791/2064/1956/818/5578/5137/114/776/2264/115/9965/3360/5579/2915/147/136/7201/93129/2066/23236/2903/801/6263/5534/153/2263/815/4775/7419/5532/2246/2185/4772/3357/109/5530/89869/185/3361/4914/5350,98
hsa05163,Human cytomegalovirus infection,97/2642,225/8444,0.0001027540817573,0.0007460839849339,0.0004585136371324,355/5733/10681/5743/9138/2778/2767/4773/5296/1021/6009/595/1432/7422/2771/1386/8503/7852/3709/1026/5582/468/842/5156/1019/5879/3685/805/2768/9586/3708/808/2785/7248/1499/6774/5881/163688/5734/5293/2783/5970/2787/2885/6667/23365/6376/6093/2932/3710/1399/5594/5332/1869/208/4790/1385/10672/2792/2770/1956/5578/114/115/836/5579/94235/111/2788/23236/801/5534/578/9564/5291/7132/387/4775/2775/5829/3551/10488/6387/5532/2185/2002/7186/4772/5894/109/5530/5925/90993/1398/2786/54205/54331,97
hsa04360,Axon guidance,96/2642,182/8444,1.0359114726640902e-09,6.91988863739609e-08,4.25268920356835e-08,5590/2046/8440/10371/10512/285220/57556/3983/1943/4773/5296/3984/219699/2771/2043/8503/7852/84612/5335/1948/6237/10298/2045/5879/1944/91653/817/56288/5058/2047/84448/10501/5881/5293/5781/8633/2049/1946/6092/5727/9901/84628/23365/57522/7869/6093/59277/5362/2932/1808/5594/2770/7223/56924/106821730/658/5170/1969/9353/818/3688/5578/137970/22854/5364/1020/6091/27289/6586/1630/5534/5291/387/815/998/4775/1947/8829/10627/6387/5532/1949/7474/6608/5894/80031/7222/5530/5998/85464/55740/3985/10509/2050/9860/91584,96
hsa05170,Human immunodeficiency virus 1 infection,91/2642,212/8444,0.0002000478613514,0.0012373330683591,0.0007604158472424,572/355/5606/10681/2767/162/9978/4773/25939/5296/3984/5602/1432/2771/8503/7852/3709/5335/5582/10298/842/5879/805/9730/5058/472/3708/808/2785/7465/5881/163688/2353/598/5293/2783/5970/2787/3725/23291/3710/1399/5594/6923/208/4790/2792/2770/56924/106821730/5578/836/5579/164/94235/545/2788/801/919/5534/140564/578/5601/5291/7132/4775/8907/5609/2775/5829/3551/5532/2185/7186/200316/684/4772/5894/6885/7099/5530/8450/8945/1398/2786/983/54205/7189/8905/3985/54331,91
hsa05202,Transcriptional misregulation in cancer,89/2642,193/8444,9.09365906816049e-06,0.000116818543414,7.17920452749512e-05,2115/5081/2530/4804/7030/6929/862/905/2521/4616/2138/4066/1655/7468/7704/604/4297/894/51426/1026/64919/10912/3021/1025/55589/2120/3480/7403/472/2078/2005/861/3020/6692/5090/3684/598/1051/4299/5970/3728/4094/1436/7490/6667/5087/5079/8464/5154/8861/1050/3479/5218/2321/3195/4790/942/3398/7849/2892/6495/4298/5914/4221/4005/6935/4314/2308/25942/2118/653604/8356/2119/578/7185/4318/5327/466/904/597/6760/5546/3486/4300/221037/4291/7113/4914/8353,89
hsa05417,Lipid and atherosclerosis,86/2642,215/8444,0.0038044490763956,0.0133050492163053,0.0081767557427656,572/355/5606/9138/3320/3326/4773/5296/5602/1432/5906/8503/8743/5335/468/3949/842/10451/948/5879/25833/5451/805/817/7436/3708/653361/808/7412/4846/6774/163688/2353/598/5293/9451/5970/3725/9641/2932/338/5594/7494/5332/208/4790/317/8795/3306/5170/3329/818/4314/5578/7410/836/1536/7184/23236/801/5534/3309/5601/5291/6416/7132/387/815/998/4775/5609/4318/57534/959/29108/3551/5532/7186/4772/6885/7099/5530/54205/7189/1555/4067,86
hsa04310,Wnt signaling pathway,85/2642,171/8444,3.07431063189224e-07,7.23140845494717e-06,4.44413693260227e-06,4007/440193/7089/2239/7481/51701/9978/4773/8312/79816/5602/595/894/5582/324/5879/51176/7090/4089/7483/817/6934/83439/8324/11197/1487/1499/5881/1501/8061/8325/3725/56998/2535/84133/6477/102800317/23291/2932/57680/5332/6422/1855/5467/10297/59352/144165/818/5578/89780/147495/8321/166336/5579/1488/23236/7088/5534/5601/387/815/4775/7479/6932/1457/5532/54894/7474/7475/27101/7471/4772/6885/4316/5530/7476/27123/1857/57216/10023/8945/8313/284654/23401/1454,85
hsa04934,Cushing syndrome,85/2642,155/8444,7.71152343061077e-10,6.43912206455999e-08,3.95722912886605e-08,5151/7481/2778/2767/2271/8911/8312/1021/51655/595/9049/2771/1386/5906/4297/3709/1026/468/3949/324/1019/51176/79798/405/7483/817/9586/6934/3708/83439/8324/8085/1499/8325/2535/6667/5087/8912/8913/949/2932/3710/5594/5332/1869/1855/10297/1385/3164/1017/2770/4221/9101/57552/1956/818/89780/114/8321/776/115/3777/111/23236/815/7479/6932/3776/10488/8622/7474/7475/5929/7471/109/5925/185/1392/1030/7476/90993/673/1857/8313/3739,85
hsa04022,cGMP-PKG signaling pathway,81/2642,167/8444,2.05609733273516e-06,3.43368254566772e-05,2.11020515728083e-05,572/9569/493/2983/4205/490/2767/6547/4773/2771/1386/4209/6543/148/3709/7408/468/482/27345/805/340156/2768/9586/3708/3778/808/476/4846/163688/3643/8660/5501/5500/157855/2969/477/4659/4638/6093/483/489/3710/5594/5332/208/6722/1385/10672/4879/2770/8471/5593/23533/114/776/115/147/5499/111/23236/801/5534/153/387/4775/7419/10488/5532/4772/5894/109/8654/5530/185/90993/134/5581/5139/5592/5138/5350,81
hsa05130,Pathogenic Escherichia coli infection,81/2642,197/8444,0.0020204928553946,0.0076686887920661,0.0047128720909325,55971/9265/355/51208/8440/60/9138/7430/4627/9266/5602/2597/1432/8936/8743/10376/842/4628/5879/7280/347733/4542/4651/2768/5058/10163/1365/7846/84790/2353/5970/10458/4642/3725/5781/71/10383/23365/9080/10381/10787/6093/5594/8976/9267/9368/4790/10686/10096/10672/8795/644150/7277/4430/10810/10006/5861/7009/3688/10092/836/147179/51807/100132463/1364/578/5601/9170/7132/387/998/29108/3551/10802/7186/6885/64005/7099/10097/54205/7189,81
hsa04390,Hippo signaling pathway,78/2642,157/8444,9.63554262731854e-07,1.70579070155802e-05,1.04831133565652e-05,999/1496/5590/3993/60/1739/7481/8312/27113/5518/657/595/653/894/84612/154796/1742/10207/10971/324/51176/4089/7483/56288/6934/1740/83439/8324/1499/7532/4087/55844/8325/2535/71/5501/7003/5500/102800317/7005/1495/23291/1741/2932/1855/10297/3398/650/7533/658/122786/1453/7159/8994/60485/89780/8321/5584/5499/29119/7479/6932/4092/5054/2246/7474/55233/7475/7471/3397/84962/286204/654/7476/1857/8945/8313/1454,78
hsa05167,Kaposi sarcoma-associated herpesvirus infection,78/2642,194/8444,0.0048598424965094,0.0160711623151897,0.0098766991851938,355/10681/5743/5289/4773/7297/5296/1021/5602/595/1432/7422/8503/3709/57580/5335/1026/7538/842/1019/5879/51176/805/64422/6934/7316/3708/83439/808/2785/1499/6774/163688/2353/5293/2783/5970/2787/3725/9641/2932/3710/5594/5155/1869/84557/208/4790/942/1385/2792/23533/836/94235/7314/2788/801/5534/578/5601/5291/6416/7132/4775/5609/6932/3091/3551/5532/7186/4772/5894/5530/5925/2786/54205/54331/4067,78
hsa05225,Hepatocellular carcinoma,78/2642,168/8444,2.37918001114684e-05,0.0002563374592654,0.0001575348394477,572/8193/60/369/7481/4616/8312/5296/1021/6603/595/8503/8289/51426/5335/1026/5582/6597/10912/324/1019/51176/3480/4089/7483/6934/83439/8324/6464/1499/598/5293/4087/8325/2885/2535/71/196528/6605/51412/6604/2932/2950/5594/1869/208/1855/10297/25759/1956/5578/89780/8321/29117/5579/3481/1728/578/5291/7479/6932/7474/7475/7471/2002/55274/5894/6601/5925/7476/673/1857/7015/10023/8313/6599/23401/8110,78
hsa04814,Motor proteins,76/2642,193/8444,0.0097260255483148,0.0290043976172961,0.0178249528376071,1767/60/832/64147/8655/51168/4650/4627/10671/7138/10120/1768/56171/83544/10376/10749/7137/547/4628/92558/7280/347733/10121/55605/7168/4542/22989/4651/7171/7846/84790/90990/4642/29895/146754/71/10383/399687/10381/80022/26153/8701/10112/27019/7277/4430/51164/63971/3801/84643/11004/6993/1780/57519/221458/83657/93661/51807/79659/1778/23303/1770/23026/4649/57644/10627/25981/9928/7139/3831/64005/4647/3832/9585/127602/830,76
hsa05224,Breast cancer,76/2642,147/8444,1.70509997171009e-07,4.80590147032434e-06,2.95351650398123e-06,672/4854/4791/369/7481/10683/2099/4616/2254/8312/5296/1021/595/2251/3280/8503/51426/8202/1026/54567/10912/324/1019/51176/2100/2252/3480/7483/6934/83439/8324/8817/6464/1499/2353/5293/8325/3725/2885/2535/6667/2248/3479/2260/2932/8648/5594/1869/208/1855/2253/10297/25759/2064/1956/4851/89780/8321/9965/578/5291/7479/6932/182/2246/7474/7475/7471/5894/5925/7476/673/1857/10023/8313/23401,76
hsa04530,Tight junction,73/2642,169/8444,0.0006621519017323,0.0031562037417012,0.0019396776855711,1080/51208/5590/3993/60/1739/7430/4627/27134/5518/51422/5602/9693/595/5906/10376/84612/7408/8189/154796/4301/5111/10207/4628/1019/5879/57530/56288/1740/9223/7074/50848/51735/861/79778/1365/4218/7846/84790/55844/3725/71/9080/6093/1741/4214/8777/9368/10686/10096/7277/92359/5565/2064/3688/776/10092/5584/51807/100132463/1364/23327/5601/387/4734/998/87/5609/10627/6794/10097/4478/5581,73
hsa04261,Adrenergic signaling in cardiomyocytes,72/2642,154/8444,3.63552622090223e-05,0.0003438224335295,0.0002112996361117,493/5526/490/5523/5527/2778/6548/6547/5518/1432/2771/1386/6543/148/468/482/7137/7168/59283/805/817/9586/808/476/7171/163688/55844/186/6331/5501/6262/5500/477/5525/483/489/11069/5594/9252/5332/208/59284/1385/2770/6332/23533/818/781/5578/114/776/115/784/147/5499/111/23236/801/153/3784/815/3776/1390/10488/7139/109/185/5529/55799/90993/783/5350,72
hsa04921,Oxytocin signaling pathway,72/2642,154/8444,3.63552622090223e-05,0.0003438224335295,0.0002112996361117,2983/5743/60/4660/2778/4773/51422/595/2771/3709/1026/54776/5582/7226/59283/805/817/340156/3708/814/3763/808/4846/163688/2353/3725/71/5501/6261/6262/5500/4659/4638/6093/3710/5594/5332/59284/5321/2770/5565/5607/23533/1956/818/781/5578/114/776/115/3765/5579/784/5499/111/23236/3768/801/6263/5534/387/815/4775/2775/5532/2002/4772/5894/109/5530/55799/783,72
hsa04550,Signaling pathways regulating pluripotency of stem cells,71/2642,143/8444,3.01904180054185e-06,4.50212603576248e-05,2.76682816569078e-05,3720/2261/6929/5978/7481/8312/3718/5296/657/1432/9421/90/8503/2103/3624/324/9314/3480/463/4089/7483/8324/7547/1499/6774/3175/5293/4087/8325/2885/2535/3479/2260/2932/7994/5594/208/1855/10297/3398/4093/6498/658/9869/7044/89780/8321/2264/4762/5462/5291/2263/7479/6932/64211/1749/4090/7474/84759/7475/92/130399/7471/3397/3231/5894/6926/7476/1857/8313/84333,71
hsa04150,mTOR signaling pathway,70/2642,156/8444,0.0002241055386176,0.001313179822777,0.0008070282554097,1975/7481/9663/8140/5296/6009/8503/6446/5582/64900/79899/3480/7483/528/8324/253260/7248/6520/54541/3643/5293/8408/6197/8325/2885/2535/652968/3479/6196/2932/5594/9681/79726/208/1855/523/28956/64121/79109/5170/1977/5578/89780/8321/5579/253314/220441/51606/5291/7132/387/27330/7479/10325/81929/8131/3551/7474/7475/6794/7471/6249/5894/245973/7476/201163/673/1857/96459/90423,70
hsa04910,Insulin signaling pathway,70/2642,137/8444,9.23506086743497e-07,1.70579070155802e-05,1.04831133565652e-05,572/5590/3632/6720/369/2872/2997/5296/6009/51422/5602/867/868/8503/9322/92579/5792/805/5506/808/6464/3636/7248/2194/163688/3643/5293/2885/9021/8651/8660/5501/5500/5256/89801/32/2932/1399/5594/5257/208/2645/10891/8835/25759/5565/5509/8471/5170/2308/1977/5584/5499/253314/5575/801/5601/5291/5837/10580/3551/5105/2002/5894/3098/673/3099/1398/23265/5770,70
hsa05226,Gastric cancer,70/2642,149/8444,3.81927415075796e-05,0.0003438224335295,0.0002112996361117,999/1496/5915/369/1015/5243/7481/4616/2254/8312/5296/595/2251/8503/51426/1026/10912/324/51176/2252/4089/7483/6934/83439/8324/8817/6464/1499/5293/3728/4087/8325/2885/2535/2248/1495/2932/5594/1869/208/1855/2253/10297/1017/25759/2064/1956/89780/8321/9965/29119/578/5291/2263/7479/6932/2246/7474/7475/7471/5894/5925/1030/7476/673/1857/7015/10023/8313/23401,70
hsa04218,Cellular senescence,68/2642,156/8444,0.0007399046992378,0.0033853173910336,0.002080481850777,5606/4616/4773/5296/1021/6009/595/1432/8503/2309/894/3709/1026/6237/10912/2113/1019/805/472/3708/144715/678/808/7248/163688/5293/5970/4087/677/5501/5500/23291/3710/5594/1869/5934/208/4790/10111/1017/2308/776/22808/824/5499/5883/545/801/5534/5291/10758/4775/7419/23411/5054/5532/4772/5894/1875/5530/5925/3486/1030/5928/8945/983/11200/132660,68
hsa04728,Dopaminergic synapse,68/2642,132/8444,8.95516866722679e-07,1.70579070155802e-05,1.04831133565652e-05,5526/4129/10681/5523/5527/2778/1312/5518/2931/5602/1432/2771/1386/3709/5582/468/805/817/9586/774/3708/2890/3763/808/2785/163688/2353/2783/2787/55844/5501/5500/5525/2932/3710/5332/208/1385/2892/2792/2770/408/818/5578/776/3765/5579/94235/5499/111/2788/23236/2903/801/5601/815/2775/10488/5532/9575/5530/409/1813/5529/90993/2786/54331/4128,68
hsa05017,Spinocerebellar ataxia,67/2642,143/8444,6.17022022663037e-05,0.0004906794180225,0.000301552116339,5689/9519/6095/55062/5289/23152/5714/2259/2906/5296/5602/10213/8503/3709/6310/5582/7979/5682/4654/11047/3748/7436/3708/2890/3516/11273/5293/10524/8408/6667/5649/6261/4800/489/3710/7494/5332/10528/208/5717/2892/5695/10939/5578/5701/115209/5579/1600/23236/2903/30849/6311/9821/5685/5601/5291/23369/7419/5715/60673/7186/9698/7222/5686/54205/6712/5708,67
hsa04110,Cell cycle,66/2642,157/8444,0.0026707942715585,0.0099116142966729,0.0060912851807476,996/5526/5527/23047/51433/990/4616/9978/5518/1021/595/25906/10274/894/23244/9587/1026/1032/10912/5111/10971/1019/4089/472/7465/7532/157570/4087/5525/2932/4174/994/1869/10735/5934/4173/51343/5000/10459/1017/7533/902/23595/4176/545/2810/5591/8555/546/23594/26271/1028/1875/57082/5925/90381/114799/1030/5529/9184/25836/5001/983/27085/11200/7027,66
hsa04371,Apelin signaling pathway,64/2642,139/8444,0.0001681229852548,0.0011459811647983,0.0007042745891449,999/9759/4205/10681/4854/5289/6548/6547/51422/10014/595/2771/4209/6543/1958/3709/6237/4089/805/340156/3708/814/808/2785/4846/163688/2783/2787/4087/6261/6262/56848/4638/3710/5594/5332/84557/208/10891/10672/2792/2770/5565/23533/114/22808/115/94235/111/2788/23236/30849/801/6263/182/5327/5054/10365/5894/109/185/2786/5581/54331,64
hsa04068,FoxO signaling pathway,63/2642,131/8444,3.81377483454676e-05,0.0003438224335295,0.0002112996361117,9454/369/51701/4616/10110/5296/51422/5602/595/1432/604/8503/6446/2309/894/8743/1026/3276/1032/10912/901/3480/92579/4089/472/10018/6774/11337/3643/5293/1263/664/2885/8660/7874/102800317/3479/5594/5934/208/1017/5565/8471/116986/5170/10769/1956/26260/2308/2290/5601/5291/23411/3551/6794/5105/10365/5894/9140/1030/9456/673/1454,63
hsa04270,Vascular smooth muscle contraction,62/2642,134/8444,0.0001783120228373,0.0011628275164228,0.0007146276889456,2983/9138/4660/369/2778/2767/4627/148/800/3709/1908/54776/5582/4628/27345/805/340156/2768/3708/3778/808/163688/8398/5501/5320/23365/5500/157855/5583/4659/4638/6093/1906/3710/5594/5332/5321/10672/4879/5578/114/776/115/5579/147/136/5499/111/23236/801/5588/387/81579/1907/5894/109/185/673/94274/5581/797/5592,62
hsa05135,Yersinia infection,62/2642,137/8444,0.000378202825743,0.0020700160764818,0.0012721498106333,5606/5586/60/9138/4773/5296/3984/5602/1432/8503/5335/10451/5879/9844/10163/5881/2353/5293/5970/10458/6197/3725/71/23365/8935/6093/6196/2932/1399/5594/208/8976/4790/10096/644150/5585/3688/7410/10092/147179/5601/9564/5291/6416/387/998/27330/4775/5609/2533/5829/29108/3551/2185/7186/4772/6885/7099/10097/1398/7189/64283,62
hsa04072,Phospholipase D signaling pathway,61/2642,148/8444,0.0063790792248745,0.0198876733353848,0.0122221755449103,5898/9265/1608/1785/2778/9266/5296/6009/1759/8503/5335/2914/6237/5156/2768/8525/9162/6464/7248/3643/5293/2885/5781/5154/2913/56895/56848/11069/5594/5155/5332/208/9267/5321/10672/25759/23533/5899/1956/5578/114/22808/5900/115/2915/10555/111/23236/2917/9846/5291/9170/387/2185/5894/1607/109/8612/185/2912/2918,61
hsa04210,Apoptosis,60/2642,136/8444,0.0010305759634958,0.0043571186304762,0.0026777123635136,572/355/60/4616/143/27113/5296/5602/8503/8743/3709/10376/468/10912/842/4170/472/3708/10018/4000/7846/84790/2353/598/5293/9451/5970/3725/71/6709/3710/5594/208/4790/317/8795/7277/8739/5170/824/5783/836/55367/51807/578/10039/5601/5291/7185/7132/3551/4001/7186/5894/1515/597/5366/54205/5551/4914,60
hsa05418,Fluid shear stress and atherosclerosis,60/2642,139/8444,0.0019568948608246,0.0075126768220163,0.0046169933195498,2817/5590/4205/60/3320/3326/5296/657/5602/1432/7422/90/8503/1843/5879/3685/805/653361/808/7412/4846/1499/5881/163688/2353/5293/5970/3725/1003/71/5154/1906/2950/5155/208/51588/4790/6385/3791/5607/658/7184/1728/6612/801/5601/5291/6416/7132/387/5609/4318/3551/5327/857/92/10365/6885/6613/5175,60
hsa04120,Ubiquitin mediated proteolysis,59/2642,142/8444,0.0058998601741795,0.0190501481005234,0.0117074657409457,996/23221/9690/672/10075/51433/997/9978/7329/51366/27338/4591/64750/25906/867/868/55120/9040/10401/7316/9021/8651/5071/6477/389898/8554/9886/23291/9063/4214/6923/55284/51588/51343/9354/7337/26232/11059/10277/7322/65264/55585/7324/7314/26259/7328/90293/55236/23327/4734/7323/55294/8916/8450/84447/25898/8945/10477/7189,59
hsa04152,AMPK signaling pathway,59/2642,121/8444,4.01469308612316e-05,0.0003438224335295,0.0002112996361117,1080/23216/1994/5214/5526/6720/5523/5527/10890/6319/23417/2997/5518/5296/6009/51422/595/5210/3953/8503/2309/148/948/3480/92579/9586/7248/4218/2194/5209/3643/5293/55844/8408/9230/8660/3479/5525/32/208/10891/1385/5565/8471/5170/5211/79966/2308/5207/5291/23411/10488/3156/6794/51552/5105/6885/5529/90993,59
hsa04670,Leukocyte transendothelial migration,59/2642,114/8444,3.85314438317118e-06,5.14780089591669e-05,3.16363433565634e-05,7414/1496/51208/60/7430/83692/5296/1432/2771/5906/8503/7852/5335/7408/5582/4301/10451/5879/653361/50848/2909/7412/1365/1499/3684/5293/5781/1003/29895/71/9080/1495/6093/11069/394/10686/2770/3688/7070/5578/7410/1536/5579/29119/100132463/1364/9564/5291/387/998/87/5829/4318/10627/6387/2185/4478/399/5175,59
hsa04723,Retrograde endocannabinoid signaling,59/2642,148/8444,0.0159039513460113,0.0442659979130647,0.0272041273023877,10681/5743/2568/140679/57030/5602/1432/2566/2771/374291/1268/3709/5582/4716/2561/774/3708/2890/3763/2785/2560/2783/2787/126328/4729/2567/56901/4710/22999/3710/5594/5332/4728/2892/2792/2770/5578/114/776/4731/115/3765/4724/2562/5579/94235/2915/111/2788/23236/200959/5601/2775/4709/109/2559/2555/2786/54331,59
hsa04926,Relaxin signaling pathway,59/2642,129/8444,0.0003697119264104,0.002058063057018,0.0012648039587725,5590/10681/2778/5296/5602/1432/7422/2771/1386/8503/468/9586/6464/2785/4846/2353/5293/2783/5970/2787/4087/3725/2885/1906/1286/5594/5332/208/1277/4790/1385/2792/2770/25759/408/1956/5578/114/115/94235/59350/111/2788/23236/5601/5291/6416/5609/2775/4318/6019/10488/5894/109/409/90993/2786/54331/1288,59
hsa04915,Estrogen signaling pathway,58/2642,138/8444,0.0047053953100088,0.015962823001511,0.009810118138338,2288/3320/2778/2099/2289/3326/5296/3875/1839/2771/1386/8503/3709/8202/468/2100/10499/805/9586/3708/3763/808/6464/4846/163688/2353/3880/5293/3725/2885/6667/8648/3710/5594/5332/208/1385/3306/2770/25759/5914/9568/1956/114/115/3765/7184/111/23236/801/5291/2775/4318/10488/4988/5894/109/90993,58
hsa04931,Insulin resistance,58/2642,108/8444,9.70359979928215e-07,1.70579070155802e-05,1.04831133565652e-05,51085/5590/6720/2997/5296/51422/5602/6513/8503/5524/376497/7376/948/92579/5792/9586/5506/4846/6774/3643/5293/5970/6197/5781/9021/8660/5501/5500/6196/32/2932/208/4790/10891/1385/9945/5565/5509/11001/5170/2308/133522/5579/5499/10724/5601/5291/5588/7132/5837/27330/3551/10488/5105/90993/5581/5465/5770,58
hsa04140,Autophagy - animal,57/2642,141/8444,0.0128705281210191,0.0370582447622445,0.0227745279818395,572/81671/55062/5289/58476/9342/8897/5296/6009/5602/8503/6237/3480/64422/3708/7248/4218/1613/54541/11337/598/5293/9451/664/8408/3916/8660/10533/7405/9474/5594/84557/208/64121/84938/8471/5861/5170/22808/89849/30849/9821/23604/5601/5291/5588/10325/3091/6794/60673/5894/6885/9140/203228/23192/7189/3146,57
hsa04724,Glutamatergic synapse,57/2642,115/8444,2.97083285885618e-05,0.0003006842954115,0.0001847886467231,9454/10681/6507/2778/9762/57030/2906/2771/3709/2914/5582/1742/54407/2752/3708/2890/22941/2785/2898/2897/2783/2787/2913/3710/5594/5332/2744/5321/2892/2792/2770/5578/114/776/115/5579/94235/2915/111/2788/23236/2903/2917/5534/2775/5532/6506/81539/109/5530/2900/9456/2912/2786/156/2918/54331,57
hsa04935,"Growth hormone synthesis, secretion and action",57/2642,120/8444,0.0001344319471215,0.0009354222987206,0.0005748734580855,5606/2778/2767/5296/5602/1432/2690/2771/1386/8503/2693/3709/5335/5582/468/9586/3708/6464/6774/2353/3726/5293/2885/9021/8651/8660/3479/2932/4214/3710/1399/5594/5332/208/1385/8835/2770/25759/8471/5578/114/776/115/5579/111/23236/5601/9564/5291/6416/10488/5894/109/3486/6750/90993/1398,57
hsa05215,Prostate cancer,56/2642,97/8444,5.70140448610986e-08,2.1158545537341e-06,1.30032032139348e-06,572/369/3320/3326/5296/595/8503/1026/468/842/5156/51176/3480/9586/6934/83439/2078/6692/1499/367/5293/5970/2885/5154/3479/2260/2932/2950/5594/5155/1869/208/4790/1385/1017/5170/2064/1956/6935/4314/2308/7184/2119/5291/2263/6932/4318/3551/5327/10488/5894/5925/354/90993/673/7113,56
hsa04066,HIF-1 signaling pathway,55/2642,109/8444,2.12785635703223e-05,0.0002369013410829,0.0001455901717969,5214/7037/2023/2872/9978/5230/5296/2027/2597/7422/6513/8503/5335/1026/5582/112399/3480/405/817/226/4846/6774/5209/3643/5293/5970/112398/3479/1906/5594/2321/6923/208/230/4790/2064/5211/1956/818/1977/5163/5578/1536/5579/253314/387712/5291/815/3091/5054/54583/7099/284/3098/3099,55
hsa04520,Adherens junction,55/2642,93/8444,2.3491309731649e-08,1.12087106433868e-06,6.88842916943091e-07,9855/7414/999/1496/60/51701/54922/64750/8936/5906/6615/5819/4301/4008/5879/83605/9411/51176/3480/4089/5792/56288/6934/2241/83439/10163/1499/5881/3643/10458/1003/29895/71/1495/6093/2260/5594/8976/10810/2064/1956/55698/5797/29119/387/998/87/6932/10580/1457/10627/117178/6885/8826/5770,55
hsa04713,Circadian entrainment,55/2642,97/8444,1.72667118694287e-07,4.80590147032434e-06,2.95351650398123e-06,8863/2983/10681/2778/8911/2906/51655/2771/5582/805/817/3708/2890/3763/808/2785/163688/2353/2783/2787/5187/6261/8912/6262/9722/8913/3710/5594/9252/5332/1385/2892/2792/2770/5593/818/5578/114/776/115/3765/5579/94235/111/2788/23236/2903/801/6263/815/2775/109/2786/5592/54331,55
hsa04722,Neurotrophin signaling pathway,55/2642,119/8444,0.0004180214449464,0.0022161771843194,0.0013619746326577,572/4804/5296/5602/10019/1432/5906/8503/2309/5335/468/5879/4916/805/817/814/808/6464/163688/10782/5293/5970/627/6197/3725/2885/5781/6196/2932/4214/1399/5594/9252/208/4790/25759/57498/5607/5170/818/801/5601/5291/387/815/998/27330/5609/3551/5894/673/1398/7189/9500/4914,55
hsa05032,Morphine addiction,53/2642,91/8444,8.62510229584856e-08,2.88078416681342e-06,1.77041573441102e-06,5141/10681/5151/2778/2568/140679/5143/10846/2566/5144/2771/5582/2561/774/3763/2785/2560/2783/2787/2567/2870/5136/2792/2770/9568/408/5578/5137/114/115/3765/2562/5579/94235/111/2788/200959/5142/2869/2775/4988/8622/109/409/2559/2555/134/2786/27115/5139/156/54331/5138,53
hsa04611,Platelet activation,52/2642,124/8444,0.0075641902527225,0.0229676322219029,0.0141149961653674,2983/5590/60/9138/2778/5296/1432/2771/5906/8503/3709/7408/340156/3708/2909/4846/5293/71/5501/23365/2812/5500/4659/4638/6093/10235/3710/5594/5332/208/1277/5321/10672/2770/5593/23533/3688/114/115/5584/5028/5499/111/23236/5291/387/8773/10627/109/83660/5592/4067,52
hsa04725,Cholinergic synapse,52/2642,113/8444,0.0006734124412751,0.0031562037417012,0.0019396776855711,10681/43/2767/5296/2771/8503/3709/5582/468/817/9586/774/3708/814/3763/2785/2353/5293/2783/2787/1103/3710/5594/5332/208/1385/2792/2770/23533/818/5578/114/776/115/5579/94235/111/2788/1132/23236/3768/56479/5291/3784/815/2775/10488/1143/109/90993/2786/54331,52
hsa04919,Thyroid hormone signaling pathway,51/2642,121/8444,0.007223300153113,0.0221337821205482,0.0136025449527479,572/5214/4854/60/6548/2099/5296/6009/595/117247/6513/8503/23389/8202/5335/5582/482/842/3685/53919/10499/476/90390/1499/5293/71/5333/1735/477/483/489/2932/8648/5594/5332/208/5170/5211/4851/2308/5578/5579/25942/23236/5291/3091/9969/5894/89869/10231/5350,51
hsa04928,"Parathyroid hormone synthesis, secretion and action",51/2642,106/8444,0.0001999429826951,0.0012373330683591,0.0007604158472424,5141/4205/9138/369/2778/2767/5143/1839/5144/2771/1386/4209/1958/3709/1026/5582/468/3727/2768/9586/3708/2353/6667/9935/2260/3710/5594/5332/9368/1385/10672/2770/408/1956/5578/114/115/5579/111/23236/5142/387/5744/10488/5894/9365/109/409/4929/90993/673,51
hsa05210,Colorectal cancer,50/2642,86/8444,2.15468528918377e-07,5.53588374297983e-06,3.40213466713227e-06,572/5898/369/4616/8312/27113/5296/5602/595/4437/2956/8503/51426/1026/10912/842/324/5879/51176/4089/6934/83439/10018/1499/5881/2353/5293/4087/3725/2885/2932/5594/208/10297/5899/1956/5900/836/1630/578/5601/5291/387/6932/2069/5894/5366/673/8313/54205,50
hsa05231,Choline metabolism in cancer,49/2642,98/8444,7.95413599753351e-05,0.0006178328891107,0.0003796955984134,1608/1120/5296/6009/5602/1119/8936/8503/5335/5582/5156/5879/8525/9162/10163/7248/5881/2353/5293/3725/2885/6667/5154/23446/5594/5155/9468/208/6582/5321/56261/10810/204962/5170/1956/5578/5900/5579/6580/5601/5291/3091/56994/10434/57153/5894/1607/8612/6584,49
hsa04625,C-type lectin receptor signaling pathway,48/2642,104/8444,0.0009838862218546,0.0042130512576852,0.0025891742680385,602/5743/4791/4773/5971/5296/5602/1432/868/8503/3709/6237/8844/805/5058/3708/808/26253/163688/5293/5970/1263/3725/5781/1960/23365/9641/3710/5594/208/4790/22808/801/5534/5601/5291/387/4775/1540/29108/3551/5532/1959/3659/4772/5894/5530/10892,48
hsa04925,Aldosterone synthesis and secretion,48/2642,98/8444,0.0001782204008192,0.0011628275164228,0.0007146276889456,493/490/2778/2767/8911/1386/3709/5582/468/482/3949/805/817/9586/3708/814/808/476/163688/8912/8913/477/483/949/3710/5332/1385/3164/818/5578/114/776/115/5579/3777/111/23236/801/815/10488/466/109/185/4929/90993/5581/5587/5138,48
hsa04012,ErbB signaling pathway,47/2642,85/8444,3.52584087646828e-06,4.9067952197517e-05,3.01552180224261e-05,572/8440/369/5296/5602/867/1839/868/8503/5335/1026/5582/10298/817/5058/3084/6464/5293/685/3725/2885/10718/2932/1399/5594/208/25759/56924/106821730/2064/27/1956/818/5578/5579/2066/5601/5291/6416/815/5609/2069/2002/5894/673/1398/145957,47
hsa04726,Serotonergic synapse,47/2642,115/8444,0.0181249710968961,0.0496208225111745,0.0304949901975387,4129/10681/5743/369/2778/2771/1843/3709/5582/3351/351/2561/774/3708/3763/2785/2560/2783/2787/242/3710/5594/5332/5321/2792/2770/5578/776/3765/3360/836/2562/5579/94235/111/2788/23236/260293/3781/2775/5894/3357/3361/673/2786/54331/4128,47
hsa04916,Melanogenesis,47/2642,101/8444,0.0008878712635567,0.0039019605529995,0.0023979902547586,7481/2778/7306/2771/5582/51176/7483/805/817/6934/83439/8324/808/1499/163688/8325/2535/1906/2932/5594/5332/1855/1385/2770/818/5578/89780/114/8321/115/5579/111/23236/801/815/7479/6932/2775/10488/7474/7475/7471/5894/109/7476/90993/1857,47
hsa04922,Glucagon signaling pathway,47/2642,107/8444,0.0038153282153381,0.0133050492163053,0.0081767557427656,5214/5315/2778/2997/51422/1386/6513/3709/3276/468/92579/805/817/9586/3708/808/5224/163688/139420/5256/32/3710/5332/5257/208/2645/10891/1385/5565/5211/818/2308/5207/23235/23236/801/5534/57223/5837/815/23411/10488/5532/5105/5530/90993/5465,47
hsa01522,Endocrine resistance,45/2642,98/8444,0.001588401150189,0.0063157855257517,0.0038814313820409,572/8647/4854/369/2778/10683/2099/5296/5602/595/1432/1839/8503/8202/1026/54567/1019/2100/3480/10498/6464/2353/5293/3725/2885/6667/3479/5594/1869/208/25759/2064/1956/4851/114/115/111/5601/5291/4318/182/5894/109/5925/673,45
hsa04070,Phosphatidylinositol signaling system,45/2642,97/8444,0.0012246746155144,0.0049883087997781,0.0030656168167561,3631/1608/3632/51447/5289/8897/10423/5296/8503/3709/5335/5582/3613/805/23262/8525/3708/55529/9162/808/1040/3636/3635/163688/5293/5333/80271/3710/5332/5578/5579/23236/801/22876/5291/8898/8821/200576/4952/1607/89869/4534/9807/22908/5297,45
hsa04660,T cell receptor signaling pathway,45/2642,104/8444,0.0064032302338023,0.0198876733353848,0.0122221755449103,8440/1739/5788/4773/5296/5602/1432/3567/868/8503/5335/10298/10451/1019/5058/2353/5293/5970/3725/2885/2932/5594/208/4790/56924/106821730/5170/7410/919/5534/5601/5291/5588/387/998/4775/5609/959/3551/5532/4772/5894/6885/5530/10892,45
hsa04540,Gap junction,44/2642,88/8444,0.0001810390145329,0.0011628275164228,0.0007146276889456,2983/2778/2767/2771/3709/10376/5582/5156/7280/347733/3708/7846/84790/2885/10383/5154/10381/3710/5594/5155/5332/7277/2770/5607/5593/1453/1956/2697/5578/114/115/5579/2915/111/23236/51807/153/5894/3357/109/1813/10746/983/5592,44
hsa04933,AGE-RAGE signaling pathway in diabetic complications,44/2642,100/8444,0.0048337311117132,0.0160711623151897,0.0098766991851938,5590/5296/5602/595/1432/7422/8503/1958/5335/1019/5879/5292/4089/7412/4846/6774/5293/5970/4087/3725/5333/1906/1286/50507/5594/5332/208/1277/4790/1729/2308/5578/836/1536/5579/23236/5601/5291/998/5054/4772/185/5581/1288,44
hsa05222,Small cell lung cancer,44/2642,92/8444,0.0006272349136437,0.0031268128530895,0.0019216152106916,5743/5915/4616/284217/5296/1021/595/8503/51426/1026/10912/3911/842/1019/3685/598/5293/5970/2272/3908/3914/3675/1286/1869/208/4790/317/1017/1164/3688/836/578/5291/7185/3918/3912/3655/3551/7186/5925/1030/54205/7189/1288,44
hsa04666,Fc gamma R-mediated phagocytosis,43/2642,97/8444,0.0044995318150306,0.0154932332600023,0.0095215269010414,1785/5788/5296/3984/8936/8503/5335/7408/5582/10451/5879/4651/2934/5058/10163/653361/3636/3635/5293/8398/56848/1399/5594/208/10096/5321/10810/50807/5578/7410/10092/5579/9846/5291/998/5894/10097/8612/8853/1398/5581/3985/4067,43
hsa04750,Inflammatory mediator regulation of TRP channels,43/2642,98/8444,0.0056335063699402,0.0184469718388239,0.0113367775246475,5606/2778/5296/5602/1432/8503/3709/5335/5582/805/817/3708/808/163688/5734/5293/8398/5501/5500/3479/5583/3710/5332/5321/818/5578/114/115/2150/5579/5499/111/23236/3556/801/5601/5291/5588/815/3357/109/5581/4914,43
hsa04911,Insulin secretion,43/2642,86/8444,0.000213490180489,0.0012733164336311,0.0007825297969053,2778/2767/3783/3780/5864/1386/6513/5582/468/482/54795/6616/27345/817/9586/3778/476/27445/6262/157855/477/483/11069/3710/5332/2645/1385/818/5578/114/776/115/5579/111/9699/23236/815/3781/10488/109/3782/90993/6844,43
hsa04912,GnRH signaling pathway,43/2642,93/8444,0.0016891993931937,0.0065603790386827,0.0040317488576839,5606/2778/2767/5602/1432/1839/1958/3709/468/2488/805/817/3708/808/163688/3725/2885/4214/3710/5594/5332/5321/2797/1956/818/5578/114/776/115/5579/111/23236/801/5601/6416/815/998/5609/2185/2002/5894/109/10746,43
hsa04211,Longevity regulating pathway,42/2642,89/8444,0.0011563134189202,0.004827608523992,0.0029668567985453,27244/5296/6009/51422/1386/8503/2309/468/3480/9586/814/7248/3643/5293/5970/8408/79813/8660/3479/9474/208/4790/10891/1385/5565/8471/2308/1977/114/115/111/253314/9821/5291/23411/10488/6794/60673/9365/109/143686/90993,42
hsa05412,Arrhythmogenic right ventricular cardiomyopathy,42/2642,77/8444,1.81166323860987e-05,0.0002086536281709,0.0001282302473789,5318/1496/60/6547/284217/2010/6543/22801/3685/51176/59283/3680/6934/83439/4000/1499/3728/71/3908/6262/3675/1495/489/59284/3688/2697/781/776/784/6444/1605/29119/1756/89/6932/3693/3655/1832/3696/55799/783/1000,42
hsa04727,GABAergic synapse,41/2642,89/8444,0.002329871250452,0.0087435617713592,0.0053734464084937,10681/2568/140679/2566/2771/57468/5582/6538/54407/2752/2561/774/3763/2785/2560/11337/2783/2787/2567/2744/2792/2770/9568/5578/114/776/115/2562/5579/94235/111/2788/200959/2775/81539/5334/109/2559/2555/2786/54331,41
hsa04115,p53 signaling pathway,40/2642,73/8444,2.47450350280916e-05,0.0002582763031057,0.0001587263760025,355/27244/3732/4616/27113/1021/595/55240/894/1026/10912/842/1019/7057/901/472/598/64393/6477/4194/3479/50484/317/8795/1017/836/8493/545/2810/55367/5054/64065/5366/3486/143686/25898/983/6241/54205/11200,40
hsa04971,Gastric acid secretion,40/2642,76/8444,8.37968200724531e-05,0.0006219586200933,0.0003822311091024,1080/60/2778/6548/7430/495/2771/3709/5582/482/805/817/340156/3708/808/476/163688/71/477/4638/483/3710/5332/2770/818/5578/114/115/6522/5579/111/23236/801/3784/815/3776/54207/109/6750/389015,40
hsa05214,Glioma,40/2642,75/8444,5.66422172399501e-05,0.0004614268428815,0.0002835746434349,369/4616/5296/1021/595/8503/51426/5335/1026/5582/10912/5156/1019/3480/805/817/814/808/6464/163688/5293/2885/5154/3479/5594/5155/1869/208/25759/1956/818/5578/5579/801/578/5291/815/5894/5925/673,40
hsa05211,Renal cell carcinoma,39/2642,69/8444,1.17571841802844e-05,0.0001454407228227,8.93821019553788e-05,572/7030/369/2271/9978/5296/7422/5906/6513/8503/1026/112399/10298/2113/5879/405/5058/5293/3725/2885/5781/112398/1399/5594/5155/6923/208/2034/56924/106821730/5291/998/3091/5894/54583/5546/201163/673/1398,39
hsa05212,Pancreatic cancer,39/2642,76/8444,0.00020735053081,0.0012591832234646,0.0007738440862767,572/5898/369/4616/5296/1021/5602/595/7422/8503/51426/1026/10912/842/1019/5879/4089/6774/5881/598/5293/5970/4087/5594/1869/208/4790/2064/5899/1956/5900/578/5601/5291/998/3551/5894/5925/673,39
hsa01521,EGFR tyrosine kinase inhibitor resistance,38/2642,79/8444,0.0012536541132116,0.0050448249856951,0.0031003494239223,572/2261/369/5296/7422/8503/2309/5335/5582/5156/3480/10018/3084/6464/6774/598/5293/2885/4763/5154/3479/2932/5594/5155/208/3791/25759/2064/1956/1977/5578/5579/558/253314/5291/2263/5894/673,38
hsa05100,Bacterial invasion of epithelial cells,38/2642,77/8444,0.0006765000220575,0.0031562037417012,0.0019396776855711,7414/999/1496/60/1785/5296/1759/867/8936/8503/5879/1213/9844/10163/6464/1499/5293/71/1495/8218/1399/8976/10096/10459/25759/3688/10092/29119/10801/9564/5291/387/998/5829/857/10097/55752/1398,38
hsa05220,Chronic myeloid leukemia,38/2642,76/8444,0.0004880846094914,0.002508003993387,0.0015413198194468,572/369/2122/4616/5296/1021/595/867/8503/51426/1026/10912/1019/4089/861/1487/6464/598/5293/5970/2885/5781/613/1399/5594/1869/208/4790/25759/1488/578/9846/5291/3551/5894/5925/673/1398,38
hsa05213,Endometrial cancer,37/2642,58/8444,3.24763852767089e-07,7.23140845494717e-06,4.44413693260227e-06,572/999/1496/369/4616/8312/5296/595/8503/2309/51426/1026/10912/842/324/51176/6934/83439/1499/5293/2885/1495/2932/5594/208/10297/5170/2064/1956/29119/578/5291/6932/2002/5894/673/8313,37
hsa04720,Long-term potentiation,36/2642,67/8444,0.0001075133446408,0.0007640310023412,0.0004695431624851,369/2906/5906/3709/5582/468/805/817/3708/814/2890/808/163688/6197/5501/5500/6196/3710/5594/5332/818/5578/114/5579/2915/5499/23236/2903/801/5534/815/27330/5532/5894/5530/673,36
hsa05031,Amphetamine addiction,36/2642,69/8444,0.0002352494606955,0.0013547124115913,0.0008325525378515,4129/2778/2906/1386/2354/5582/468/805/817/9586/814/2890/808/163688/2353/3725/5501/5500/1385/2892/818/5578/776/5579/5499/111/2903/801/5534/815/23411/10488/5532/5530/90993/4128,36
hsa05218,Melanoma,36/2642,72/8444,0.000680379249708,0.0031562037417012,0.0019396776855711,572/999/369/4616/2254/5296/1021/595/2251/8503/51426/1026/10912/5156/1019/2252/3480/8817/5293/2248/5154/3479/2260/5594/5155/1869/208/2253/1956/9965/578/5291/2246/5894/5925/673,36
hsa05223,Non-small cell lung cancer,36/2642,72/8444,0.000680379249708,0.0031562037417012,0.0019396776855711,572/5915/369/4616/3718/5296/1021/595/8503/2309/51426/5335/1026/5582/10912/842/1019/6774/238/5293/2885/2272/5594/1869/208/5170/2064/27436/1956/5578/5579/578/5291/5894/5925/673,36
hsa04721,Synaptic vesicle cycle,35/2642,78/8444,0.0078118305333461,0.0235058684516901,0.0144457748127311,6857/6507/1785/140679/57030/5864/1759/6538/6616/6812/1213/774/528/6809/160/10497/535/1175/8218/22999/8775/523/1173/51606/112755/6530/6506/2054/23025/440279/245973/10814/339302/6844/90423,35
hsa04929,GnRH secretion,35/2642,64/8444,8.29742663584845e-05,0.0006219586200933,0.0003822311091024,2767/8911/3783/3780/5296/84634/8503/3709/5582/2100/3708/3763/3814/5293/8912/8913/3710/5594/5332/208/2797/7223/9568/408/5578/776/3765/5579/23236/5291/3781/5894/409/3782/348980,35
hsa05217,Basal cell carcinoma,35/2642,63/8444,5.35894603065715e-05,0.0004474719935598,0.00027499854631,7481/4616/8312/2735/51426/1026/10912/324/51176/7483/6934/83439/8324/1499/8325/2535/5727/2932/2737/1855/51684/10297/650/89780/8321/578/7479/6932/7474/7475/7471/6608/7476/1857/8313,35
hsa03018,RNA degradation,34/2642,79/8444,0.0179229185874234,0.0494731802330529,0.0304042551069818,5214/26986/2023/56915/4849/2027/1656/4848/54464/23404/694/10140/9337/7832/167227/10766/118460/55802/11044/5393/25804/5211/3329/84186/27258/387712/9652/29883/57472/64282/51691/87178/154197/255967,34
hsa04730,Long-term depression,34/2642,60/8444,3.93963470364381e-05,0.0003438224335295,0.0002112996361117,2983/369/2778/2767/5518/2771/3709/5582/3480/2768/3708/2890/6261/3479/3710/5594/5332/10842/5321/10672/2892/2770/2781/5593/2895/5578/5579/23236/2775/5894/1392/673/5592/4067,34
hsa04917,Prolactin signaling pathway,33/2642,70/8444,0.0038242057627703,0.0133050492163053,0.0081767557427656,2099/5296/5602/595/1432/5618/8503/2309/894/2100/6464/6774/2353/9655/5293/5617/5970/2885/9021/8651/2932/5594/208/2645/4790/8835/25759/8792/9306/5601/5291/3659/5894,33
hsa04927,Cortisol synthesis and secretion,33/2642,65/8444,0.0007975593571882,0.0035997949364981,0.0022122912468236,5151/2778/2767/8911/1386/3709/468/3949/9586/3708/6667/5087/8912/8913/949/3710/5332/1385/3164/57552/114/776/115/3777/111/23236/3776/10488/8622/109/185/90993/3739,33
hsa04924,Renin secretion,32/2642,69/8444,0.0059317826420791,0.0190501481005234,0.0117074657409457,2983/2778/2771/3709/1908/805/3708/3778/808/163688/5734/22802/1906/3710/5332/5136/1385/2770/5593/5137/776/111/23236/801/5534/153/5532/1907/5530/185/134/5139,32
hsa05221,Acute myeloid leukemia,32/2642,67/8444,0.0033895026553559,0.0121730525471925,0.0074810754702254,572/369/862/5296/7704/595/8503/5292/51176/6934/83439/861/6774/3684/5293/5970/3728/2885/1436/1050/5594/11040/208/4790/5467/5914/5291/6932/3551/5894/597/673,32
hsa04370,VEGF signaling pathway,31/2642,59/8444,0.0005345923218567,0.0027053611439417,0.0016626076995544,572/5743/4773/5296/3315/1432/7422/8503/5335/5582/842/5879/4846/5881/5293/56848/5594/208/7867/5321/3791/25759/5578/5579/5534/5291/998/5829/5532/5894/5530,31
hsa05230,Central carbon metabolism in cancer,31/2642,70/8444,0.0147389320090552,0.0413680948825582,0.0254231909930629,5214/5315/2261/8140/6510/5296/6513/8503/5156/4916/9123/23410/5224/5293/2260/5594/208/2645/2744/2064/5211/1956/5163/5291/2263/3091/5894/3098/3099/2539/4914,31
hsa00310,Lysine degradation,30/2642,63/8444,0.0047314954405676,0.015962823001511,0.009810118138338,55904/58508/2122/2146/7468/51111/55870/7799/4297/84787/63976/501/64324/8085/79813/387893/9757/39/9869/79823/6419/29072/93166/3030/9739/150572/79709/56979/64754/55217,30
hsa04340,Hedgehog signaling pathway,26/2642,56/8444,0.0122311788542012,0.0355235977156801,0.0218313947512059,50937/1954/64750/595/2735/894/8405/1455/91653/53944/2619/5727/84455/102800317/23291/2932/2737/51684/408/1453/6608/409/1456/8945/156/1454,26
hsa05030,Cocaine addiction,26/2642,49/8444,0.0012189618866229,0.0049883087997781,0.0030656168167561,4129/2778/2906/8787/2771/1386/2354/468/1742/9586/5970/627/3725/2913/4790/1385/2770/26086/1020/111/2903/10488/1813/90993/2912/4128,26
hsa04930,Type II diabetes mellitus,25/2642,46/8444,0.0009536018353944,0.0041364027665161,0.0025420691442503,5315/5590/5296/5602/8503/774/3643/5293/9021/8651/8660/777/8913/5594/2645/8835/8471/776/389692/5601/5291/3551/3098/3099/5581,25
hsa04961,Endocrine and other factor-regulated calcium reabsorption,25/2642,53/8444,0.0109582122878074,0.0321056395098918,0.0197308531497917,493/490/1785/2778/2099/6547/8766/1759/6543/5582/482/1213/476/160/477/1175/483/8218/5332/5578/1173/115/5579/23236/9365,25
hsa02010,ABC transporters,22/2642,45/8444,0.0100339206737707,0.0296577832304372,0.0182264977306501,1080/10060/8647/5243/20/10257/94160/5244/1244/215/23456/26154/23457/10350/23460/21/154664/10347/89845/22/11194/24,22
hsa04216,Ferroptosis,20/2642,41/8444,0.0141907166237671,0.0401669436638832,0.0246850110761337,2182/7037/2512/23516/10162/55240/2495/6520/5093/10533/2729/9474/84557/2181/64116/23305/1536/5094/7419/2879,20
hsa04710,Circadian rhythm,20/2642,34/8444,0.0008103385687263,0.0036087077593946,0.0022177687144089,1407/8863/6095/9978/1628/51422/79365/9572/8553/5187/102800317/23291/1385/1408/5565/1453/6096/9575/8945/1454,20
hsa04960,Aldosterone-regulated sodium reabsorption,20/2642,37/8444,0.0032946064558485,0.012073985329914,0.0074201926862062,5296/8503/6446/5582/482/476/3643/5293/3479/477/483/5594/5170/4306/5578/5579/6340/2810/23327/5291,20
hsa05219,Bladder cancer,20/2642,41/8444,0.0141907166237671,0.0401669436638832,0.0246850110761337,999/2261/369/595/7422/1839/1026/1019/7057/1613/5594/9252/1869/2064/1956/23604/4318/5894/5925/673,20
